,title,desc,url
0,2001 год,"2001 (две ты́сячи пе́рвый) год  по григорианскому календарю — невисокосный год, начинающийся в понедельник. Это 2001 год нашей эры, 1 год 1-го десятилетия XXI века 3-го тысячелетия, 2 год 2000-х годов. Он закончился 22 года назад.

Объявлен ООН Международным годом диалога между цивилизациями под эгидой ООН (резолюция ООН 53/22), добровольцев (резолюция ООН 52/17), мобилизации усилий для борьбы против расизма, расовой дискриминации, ксенофобии и связанной с ними нетерпимости (резолюция ООН 53/132).",https://ru.wikipedia.org/wiki/2001_%D0%B3%D0%BE%D0%B4
1,2003 год,"2003 (две ты́сячи тре́тий) год  по григорианскому календарю — невисокосный год, начинающийся в среду. Это 2003 год нашей эры, 3 год 1-го десятилетия XXI века 3-го тысячелетия, 4 год 2000-х годов. Он закончился 20 лет назад.

Международный год пресной воды
Год Казахстана в Российской Федерации
Год Российской Федерации на Украине
Год инвалидов в Российской Федерации
Год киргизской государственности
Год Героя Туркменистана Гурбансолтан-едже — матери первого президента Туркмении Сапармурата Ниязова",https://ru.wikipedia.org/wiki/2003_%D0%B3%D0%BE%D0%B4
2,2005 год,"2005 (две ты́сячи пя́тый) год  по григорианскому календарю — невисокосный год, начинающийся в субботу. Это 2005 год нашей эры, 5 год 1-го десятилетия XXI века 3-го тысячелетия, 6 год 2000-х годов. Он закончился 18 лет назад.

Международный год физики (резолюция ООН № 58/293).
Международный год спорта и физического воспитания как средства содействия воспитанию, здоровью, развитию и миру (резолюция ООН № 58/5).
Международный год микрокредитования (резолюция ООН № 53/197).
ЮНЕСКО объявлен годом М.А. Шолохова.
Год Азербайджанской Республики в Российской Федерации.
Год Российской Федерации в Республике Армения.",https://ru.wikipedia.org/wiki/2005_%D0%B3%D0%BE%D0%B4
3,2008 год,"2008 (две ты́сячи восьмо́й) год  по григорианскому календарю — високосный год, начинающийся во вторник. Это 2008 год нашей эры, 8 год 1-го десятилетия XXI века 3-го тысячелетия, 9 год 2000-х годов. Он закончился 15 лет назад.

Международные годы ООН:
Международный год планеты Земля.
Международный год картофеля.
Международный год языков.
Международный год санитарии.
Международный год дельфина (2007—2008)
Международная кампания «год лягушки».
Европейский год межкультурного диалога
2008 год в странах:
Год семьи в России.
Год Российской Федерации в Республике Индии.
Год Российской Федерации в Республике Болгарии.
Союзом охраны птиц России объявлен годом снегиря.
Год здоровья в Белоруссии.
Год ремёсел в Могилёвской области.
Год математики в Германии.",https://ru.wikipedia.org/wiki/2008_%D0%B3%D0%BE%D0%B4
4,2009 год,"2009 (две ты́сячи девя́тый) год  по григорианскому календарю — невисокосный год, начинающийся в четверг. Это 2009 год нашей эры, 9 год 1-го десятилетия XXI века 3-го тысячелетия, 10 год 2000-х годов. Он закончился 14 лет назад.

2009 год вошёл в пятёрку самых тёплых лет за всю историю метеонаблюдений, указывает Всемирная метеорологическая организация (ВМО).
В связи с 400-летием астрономических открытий Галилео Галилея объявлен ЮНЕСКО Международным годом астрономии.
Год Сталина в Китае.
Год тысячелетия Литвы в Литве
Год Болгарии в России.
Год молодёжи в России.
Год родной земли в Белоруссии.
Год Республике Индии в России.
Год Франции в России.
Год русского языка в Китае.Международные годы ООН:
Международный год астрономии (резолюция № 62/200).
Международный год обучения в области прав человека (начало — 10 декабря 2023 года) (резолюция № 62/171).
Международный год примирения (резолюция № 61/17).
Международный год природных волокон (резолюция № 61/189).",https://ru.wikipedia.org/wiki/2009_%D0%B3%D0%BE%D0%B4
5,2010 год,"2010 (две ты́сячи деся́тый) год  по григорианскому календарю — невисокосный год, начинающийся в пятницу. Это 2010 год нашей эры, 10 год 1-го десятилетия XXI века 3-го тысячелетия, 1 год 2010-х годов. Он закончился 13 лет назад.",https://ru.wikipedia.org/wiki/2010_%D0%B3%D0%BE%D0%B4
6,2015 год,"2015 (две ты́сячи пятна́дцатый) год  по григорианскому календарю — невисокосный год, начинающийся в четверг. Это 2015 год нашей эры, 5 год 2-го десятилетия XXI века 3-го тысячелетия, 6 год 2010-х годов. Он закончился 8 лет назад.

Год культуры России в Аргентине и Аргентины в России.
Год литературы в России.
Год молодёжи в Беларуси.
Международный год света и световых технологий (резолюция Генеральной Ассамблеи ООН A/RES/68/221).
Международный год почв (резолюция Генеральной Ассамблеи ООН A/RES/68/232).",https://ru.wikipedia.org/wiki/2015_%D0%B3%D0%BE%D0%B4
7,2016 год,"2016 (две ты́сячи шестна́дцатый) год  по григорианскому календарю — високосный год, начинающийся в пятницу. Это 2016 год нашей эры, 6 год 2-го десятилетия XXI века 3-го тысячелетия, 7 год 2010-х годов. Он закончился 7 лет назад.

2016 год стал самым тёплым за всю историю метеонаблюдений в мире, перекрыв предыдущий рекорд 2015 года.
Международный год зернобобовых (резолюция Генеральной Ассамблеи ООН A/RES/68/231).
Год российского кино в России.
Год культуры в Белоруссии.
Год образования в странах СНГ.
Год Греции в России, год России в Греции.
Год российских средств массовой информации в Китае.
Год мультикультурализма в Азербайджане.",https://ru.wikipedia.org/wiki/2016_%D0%B3%D0%BE%D0%B4
8,Brick Like Me,"«Brick Like Me» (рус. «Кирпич, как я») — двадцатый эпизод двадцать пятого сезона мультсериала «Симпсоны». Вышел в эфир 4 мая 2014 года в США на телеканале «FOX»",https://ru.wikipedia.org/wiki/Brick_Like_Me
9,DC Comics,"DC Comics (основано в 1934 году как National Allied Publications) — одно из крупнейших и наиболее популярных издательств комиксов. Издательство было куплено компанией Warner Bros. Entertainment в 1969 году.
DC Comics издают продукцию, характеризующуюся наличием большого количества широко известных персонажей, в том числе Супермен, Бэтмен, Чудо-женщина, Зелёный Фонарь, Флэш, Аквамен, Шазам, Киборг, Марсианский Охотник, Зелёная Стрела, Человек-ястреб, Чёрный Адам, Атом, Чёрная Канарейка, Супергёрл, Женщина-кошка и другие. Во вселенной DC также имеются команды, такие, как Лига Справедливости, Юные Титаны, Хранители, Отряд самоубийц, а среди самых известных злодеев — Джокер, Харли Квинн, Ядовитый Плющ и другие.
Аббревиатура DC перешла от популярнейшей серии издательства Detective Comics и вскоре стала официальным названием компании. Штаб-квартира DC Comics находилась по адресу 1700 Broadway (Нью-Йорк); в 2015 году штаб-квартира была перенесена в Бербанк (Калифорния).
Также по мотивам вселенной DC есть игра DC Universe Online, где игроки могут создать своего собственного супергероя, пользуясь набором предложенных характеристик.",https://ru.wikipedia.org/wiki/DC_Comics
10,LEGO,"Lego (ле́го, от дат. Leg-godt — «играй хорошо») — серии конструктора, представляющие собой наборы деталей для сборки и моделирования разнообразных предметов. Наборы Lego выпускает группа корпораций Lego Group, главный офис которой находится в Дании. Компания была основана в 1932 году; её название выглядит и звучит как лат. и итал. lego — «собираю», хотя первоначально она выпускала не конструкторы, а обычные деревянные игрушки.
Основным продуктом корпорации Lego являются разноцветные пластмассовые кирпичики, маленькие фигурки и тому подобное. Из Lego можно собрать такие объекты, как транспортные средства, здания, а также движущихся роботов. Всё, что построено, затем можно разобрать, а детали использовать для создания других объектов.Корпорация Lego начала производство пластмассовых кирпичиков в 1949 году. С тех пор Lego расширила сферу своей деятельности, создавая фильмы, игры, конкурсы, а также семь тематических парков развлечений, первым и самым большим из которых является Legoland на полуострове Ютландия, в небольшом городке Биллунд (Дания) — город, полностью построенный из конструктора Lego.
По состоянию на 2021 год, Lego была крупнейшей компанией по производству игрушек в мире. В мире достаточно обычны выставки различных композиций из наборов LEGO: в Германии (Целле, Гамбург), Голландии (Амстердам), Великобритании (Лондон), Японии (Токио), Сингапуре. Компания переходит на экологичное производство. Конструктор будет производиться из пластиковых бутылок и стаканчиков из-под кофе.
В декабре 2013 года было завершено строительство и произведён запуск полноразмерного автомобиля из деталей Lego, работающего на поршнях, приводимых в движение сжатым воздухом. Разработчики утверждают, что на сооружение подобного чуда техники ушло около 500 тысяч деталей. Автомобиль развивает скорость до 30 км/ч.
3 марта 2022 года Lego Group и Ole Kirk’s Fond сделали пожертвование в размере 110 млн датских крон для поддержки семей и детей на Украине из-за вторжении России на Украину. «Мы поддерживаем украинский народ и всех, кто пострадал от разрушительного вторжения на Украину, и призываем к скорейшему и мирному прекращению конфликта», — говорится в сообщении.",https://ru.wikipedia.org/wiki/Lego
11,Lego,"Lego (ле́го, от дат. Leg-godt — «играй хорошо») — серии конструктора, представляющие собой наборы деталей для сборки и моделирования разнообразных предметов. Наборы Lego выпускает группа корпораций Lego Group, главный офис которой находится в Дании. Компания была основана в 1932 году; её название выглядит и звучит как лат. и итал. lego — «собираю», хотя первоначально она выпускала не конструкторы, а обычные деревянные игрушки.
Основным продуктом корпорации Lego являются разноцветные пластмассовые кирпичики, маленькие фигурки и тому подобное. Из Lego можно собрать такие объекты, как транспортные средства, здания, а также движущихся роботов. Всё, что построено, затем можно разобрать, а детали использовать для создания других объектов.Корпорация Lego начала производство пластмассовых кирпичиков в 1949 году. С тех пор Lego расширила сферу своей деятельности, создавая фильмы, игры, конкурсы, а также семь тематических парков развлечений, первым и самым большим из которых является Legoland на полуострове Ютландия, в небольшом городке Биллунд (Дания) — город, полностью построенный из конструктора Lego.
По состоянию на 2021 год, Lego была крупнейшей компанией по производству игрушек в мире. В мире достаточно обычны выставки различных композиций из наборов LEGO: в Германии (Целле, Гамбург), Голландии (Амстердам), Великобритании (Лондон), Японии (Токио), Сингапуре. Компания переходит на экологичное производство. Конструктор будет производиться из пластиковых бутылок и стаканчиков из-под кофе.
В декабре 2013 года было завершено строительство и произведён запуск полноразмерного автомобиля из деталей Lego, работающего на поршнях, приводимых в движение сжатым воздухом. Разработчики утверждают, что на сооружение подобного чуда техники ушло около 500 тысяч деталей. Автомобиль развивает скорость до 30 км/ч.
3 марта 2022 года Lego Group и Ole Kirk’s Fond сделали пожертвование в размере 110 млн датских крон для поддержки семей и детей на Украине из-за вторжении России на Украину. «Мы поддерживаем украинский народ и всех, кто пострадал от разрушительного вторжения на Украину, и призываем к скорейшему и мирному прекращению конфликта», — говорится в сообщении.",https://ru.wikipedia.org/wiki/Lego
12,Lego-анимация,"Lego-анима́ция — любительское хобби создавать анимационные фильмы с применением конструктора Lego, получившее распространение по всему миру.",https://ru.wikipedia.org/wiki/Lego-%D0%B0%D0%BD%D0%B8%D0%BC%D0%B0%D1%86%D0%B8%D1%8F
13,Lego: Legends of Chima,"Legends of Chima («Легенды Чимы») – серия игрушек Lego, выпущенная в январе 2013 года. Серия игрушек включает сборные фигурки главных персонажей, наборы для конструирования боевых машин и игровые наборы конструкторов для настольных игр. Бренд «Legends of Chima» является медиафраншизой  : по мотивам серии игрушек американской телекомпанией Cartoon Network был выпущен одноименный мультсериал. Компания Warner Bros. Interactive Entertainment объявила о создании видеоигр, посвященных Легендам Чимы. 
(На данный момент снята с производства).",https://ru.wikipedia.org/wiki/Lego:_Legends_of_Chima
14,Lego: Приключения Клатча Пауэрса,"«Lego: Приключения Клатча Пауэрса» (англ. Lego: The Adventures of Clutch Powers) — полнометражный мультфильм, снятый Threshold Animation Studios по заказу корпорации Lego и выпущенный на DVD. От создателей мультфильма Все персонажи, транспортные средства и здания построены из деталей этого известного конструктора. Главными героями являются мини-фигурки людей.
При создании мультфильма использовалась технология CGI и Lego-анимация.
В мультфильме встречаются персонажи и конструкции из определённых тематических подборок, права на которые принадлежат исключительно Lego: Миссия на Марс, Космическая полиция III, Город, Горняки-проходчики, Замок, Агенты. Серии, разработанные совместно с другими компаниями (Индиана Джонс, Звёздные Войны), из-за возможных проблем с авторскими правами, а также из-за того, что они и так достаточно разрекламированы, в мультфильм включены не были.
В январе 2010 года появились афиши, изображавшие Клатча с мечом в руках, Клатча и его команду в антураже серии «Миссия на Марс», рыцаря, борющегося с Маллоком, и скелетов Скелли и Кость.",https://ru.wikipedia.org/wiki/Lego:_%D0%9F%D1%80%D0%B8%D0%BA%D0%BB%D1%8E%D1%87%D0%B5%D0%BD%D0%B8%D1%8F_%D0%9A%D0%BB%D0%B0%D1%82%D1%87%D0%B0_%D0%9F%D0%B0%D1%83%D1%8D%D1%80%D1%81%D0%B0
15,Lego Dimensions,"Lego Dimensions (Lego Измерения) — Lego-игра 2015 года в жанре action-adventure. Она была разработана студией Traveller's Tales, а изданием занималась Warner Bros. Interactive Entertainment. Была портирована для PlayStation 4, PlayStation 3, Wii U, Xbox One и Xbox 360. В игре присутствуют миры и персонажи из разных наборов LEGO. Имеет схожий формат со Skylanders и Disney Infinity.",https://ru.wikipedia.org/wiki/Lego_Dimensions
16,Lego Worlds,"Lego Worlds  — компьютерная игра 2015 года выпуска в жанрах открытый мир и песочница, разработанная TT Games и изданная Warner Bros. Interactive Entertainment для Windows. Первая версия игры вышла 1 июня 2015. Полноценная версия вышла 10 марта 2017 года.",https://ru.wikipedia.org/wiki/Lego_Worlds
17,Lego Бэтмен: В осаде,"«Lego Бэтмен: В осаде» — короткометражный телевизионный мультипликационный фильм, основанный на персонажах «DC Comics». Фильм является вторым в линейке «Lego DC Comics» и вышел 27 октября 2014 года на канале «Cartoon Network».",https://ru.wikipedia.org/wiki/Lego_%D0%91%D1%8D%D1%82%D0%BC%D0%B5%D0%BD:_%D0%92_%D0%BE%D1%81%D0%B0%D0%B4%D0%B5
18,Lego Бэтмен: Супергерои DC объединяются,"Lego Бэтмен: Супер-герои DC объединяются — мультипликационный фильм, предназначенный для домашнего просмотра и основанный на видеоигре «Lego Batman 2: DC Super Heroes». Фильм был выпущен на Blu-ray и DVD 21 мая 2013 года.",https://ru.wikipedia.org/wiki/Lego_%D0%91%D1%8D%D1%82%D0%BC%D0%B5%D0%BD:_%D0%A1%D1%83%D0%BF%D0%B5%D1%80%D0%B3%D0%B5%D1%80%D0%BE%D0%B8_DC_%D0%BE%D0%B1%D1%8A%D0%B5%D0%B4%D0%B8%D0%BD%D1%8F%D1%8E%D1%82%D1%81%D1%8F
19,Lego Скуби-Ду!: Призрачный Голливуд,"«Lego Скуби-Ду!: Призрачный Голливуд» (англ. Lego Scooby-Doo! Haunted Hollywood) — мультипликационный фильм, предназначенный для домашнего просмотра и основанный на произведении Хита Корсона и Дуана Капиззи о персонажах «Скуби-Ду». Является тридцать вторым в линейке полнометражных фильмов о Скуби-Ду и первым в серии «Lego Scooby-Doo!». Фильм был выпущен на Blu-ray и DVD 10 мая 2016 года.",https://ru.wikipedia.org/wiki/Lego_%D0%A1%D0%BA%D1%83%D0%B1%D0%B8-%D0%94%D1%83!:_%D0%9F%D1%80%D0%B8%D0%B7%D1%80%D0%B0%D1%87%D0%BD%D1%8B%D0%B9_%D0%93%D0%BE%D0%BB%D0%BB%D0%B8%D0%B2%D1%83%D0%B4
20,Lego Скуби-Ду!: Улётный пляж,"Lego Скуби-Ду!: Улётный пляж — мультипликационный фильм, предназначенный для домашнего просмотра и основанный на персонажах «Скуби-Ду». Является тридцать пятым в линейке полнометражных фильмов о Скуби-Ду и вторым в серии «Lego Scooby-Doo!». Фильм был выпущен на Blu-ray и DVD 25 июля 2017 года.",https://ru.wikipedia.org/wiki/Lego_%D0%A1%D0%BA%D1%83%D0%B1%D0%B8-%D0%94%D1%83!:_%D0%A3%D0%BB%D1%91%D1%82%D0%BD%D1%8B%D0%B9_%D0%BF%D0%BB%D1%8F%D0%B6
21,Lego Супергерои DC: Аквамен — Ярость Атлантиды,"Lego Супергерои DC: Аквамен — Ярость Атлантиды (англ. Lego DC Comics Super Heroes: Aquaman - Rage of Atlantis) — мультипликационный фильм, предназначенный для домашнего просмотра и основанный на персонажах «DC Comics». Фильм является восьмым в линейке «Lego DC Comics». Премьера картины состоялась 22 июля 2018 года на фестивале San Diego Comic-Con International в Сан-Диего.",https://ru.wikipedia.org/wiki/Lego_%D0%A1%D1%83%D0%BF%D0%B5%D1%80%D0%B3%D0%B5%D1%80%D0%BE%D0%B8_DC:_%D0%90%D0%BA%D0%B2%D0%B0%D0%BC%D0%B5%D0%BD_%E2%80%94_%D0%AF%D1%80%D0%BE%D1%81%D1%82%D1%8C_%D0%90%D1%82%D0%BB%D0%B0%D0%BD%D1%82%D0%B8%D0%B4%D1%8B
22,Lego Супергерои DC: Лига Справедливости против Лиги Бизарро,"Lego Супергерои DC: Лига Справедливости против Лиги Бизарро — мультипликационный фильм, предназначенный для домашнего просмотра и основанный на персонажах «DC Comics». Фильм является третьим в линейке «Lego DC Comics» и вышел 10 февраля 2015 года.",https://ru.wikipedia.org/wiki/Lego_%D0%A1%D1%83%D0%BF%D0%B5%D1%80%D0%B3%D0%B5%D1%80%D0%BE%D0%B8_DC:_%D0%9B%D0%B8%D0%B3%D0%B0_%D0%A1%D0%BF%D1%80%D0%B0%D0%B2%D0%B5%D0%B4%D0%BB%D0%B8%D0%B2%D0%BE%D1%81%D1%82%D0%B8_%D0%BF%D1%80%D0%BE%D1%82%D0%B8%D0%B2_%D0%9B%D0%B8%D0%B3%D0%B8_%D0%91%D0%B8%D0%B7%D0%B0%D1%80%D1%80%D0%BE
23,Lego Супергерои DC: Лига Справедливости — Атака Легиона Гибели!,"Lego Супергерои DC: Лига Справедливости — Атака Легиона Гибели! — мультипликационный фильм, предназначенный для домашнего просмотра и основанный на персонажах «DC Comics». Фильм является четвёртым в линейке «Lego DC Comics» и вышел 25 августа 2015 года.",https://ru.wikipedia.org/wiki/Lego_%D0%A1%D1%83%D0%BF%D0%B5%D1%80%D0%B3%D0%B5%D1%80%D0%BE%D0%B8_DC:_%D0%9B%D0%B8%D0%B3%D0%B0_%D0%A1%D0%BF%D1%80%D0%B0%D0%B2%D0%B5%D0%B4%D0%BB%D0%B8%D0%B2%D0%BE%D1%81%D1%82%D0%B8_%E2%80%94_%D0%90%D1%82%D0%B0%D0%BA%D0%B0_%D0%9B%D0%B5%D0%B3%D0%B8%D0%BE%D0%BD%D0%B0_%D0%93%D0%B8%D0%B1%D0%B5%D0%BB%D0%B8!
24,Lego Супергерои DC: Лига Справедливости — Космическая битва,"Lego Супергерои DC: Лига Справедливости – Космическая битва — мультипликационный фильм, предназначенный для домашнего просмотра и основанный на персонажах «DC Comics». Фильм является пятым в линейке «Lego DC Comics» и вышел 9 февраля 2016 года.",https://ru.wikipedia.org/wiki/Lego_%D0%A1%D1%83%D0%BF%D0%B5%D1%80%D0%B3%D0%B5%D1%80%D0%BE%D0%B8_DC:_%D0%9B%D0%B8%D0%B3%D0%B0_%D0%A1%D0%BF%D1%80%D0%B0%D0%B2%D0%B5%D0%B4%D0%BB%D0%B8%D0%B2%D0%BE%D1%81%D1%82%D0%B8_%E2%80%94_%D0%9A%D0%BE%D1%81%D0%BC%D0%B8%D1%87%D0%B5%D1%81%D0%BA%D0%B0%D1%8F_%D0%B1%D0%B8%D1%82%D0%B2%D0%B0
25,Lego Супергерои DC: Лига Справедливости — Прорыв Готэм-Сити,"Lego Супергерои DC: Лига Справедливости — Прорыв Готэм-Сити — мультипликационный фильм, предназначенный для домашнего просмотра и основанный на персонажах «DC Comics». Фильм является шестым в линейке «Lego DC Comics» и вышел 21 июня 2016 года.",https://ru.wikipedia.org/wiki/Lego_%D0%A1%D1%83%D0%BF%D0%B5%D1%80%D0%B3%D0%B5%D1%80%D0%BE%D0%B8_DC:_%D0%9B%D0%B8%D0%B3%D0%B0_%D0%A1%D0%BF%D1%80%D0%B0%D0%B2%D0%B5%D0%B4%D0%BB%D0%B8%D0%B2%D0%BE%D1%81%D1%82%D0%B8_%E2%80%94_%D0%9F%D1%80%D0%BE%D1%80%D1%8B%D0%B2_%D0%93%D0%BE%D1%82%D1%8D%D0%BC-%D0%A1%D0%B8%D1%82%D0%B8
26,Lego Супергерои DC: Флэш,"Lego Супергерои DC: Флэш — мультипликационный фильм, предназначенный для домашнего просмотра и основанный на персонажах «DC Comics». Фильм является седьмым в линейке «Lego DC Comics» и вышел 13 февраля 2018 года.",https://ru.wikipedia.org/wiki/Lego_%D0%A1%D1%83%D0%BF%D0%B5%D1%80%D0%B3%D0%B5%D1%80%D0%BE%D0%B8_DC:_%D0%A4%D0%BB%D1%8D%D1%88
27,Miramax,"Miramax — американская кинокомпания, основанная в 1979 году братьями Бобом и Харви Вайнштейнами.",https://ru.wikipedia.org/wiki/Miramax
28,Netflix,"Netflix, Inc. — американская развлекательная компания, а также стриминговый сервис фильмов и сериалов. Основана 29 августа 1997 года Ридом Хастингсом и Марком Рэндольфом. Штаб-квартира находится в Лос-Гатосе, Калифорния.
С 2013 года Netflix производит собственные фильмы и сериалы, в том числе и анимационные, а также телепрограммы. В 2016 году компания выпустила 126 оригинальных сериалов и фильмов — больше, чем любой другой сетевой или кабельный канал. Их усилия по производству нового контента, обеспечению прав на дополнительный контент и диверсификации через 190 стран потребовали дополнительных капиталов, привлекаемых в том числе через займы. Суммарный долг в 2016 году составил 16,8 млрд долларов, по состоянию на сентябрь 2017 года он был уже 21,9 млрд долларов. При этом 6,5 миллиарда долларов — это долгосрочный долг, а остальная часть — долгосрочные обязательства. В октябре 2018 года Netflix объявила о привлечении ещё 2 миллиардов долларов для финансирования нового контента. По состоянию на январь 2021 года у компании насчитывается 203,7 млн подписчиков по всему миру, при этом компания потратила 11,8 млрд долларов на создание контента в 2020 году.",https://ru.wikipedia.org/wiki/Netflix
29,Universal Studios,"Universal Pictures (ранее известная как Universal Studios) — старейшая из ныне существующих голливудских киностудий. Основана Карлом Леммле в 1912 году. С 1915 по 1925 год — крупнейшая из кинокомпаний США. С 2004 года — производственное подразделение компании NBC Universal.
На логотипе изображён Земной шар, вокруг которого вращается подобие колец Сатурна с надписью: Universal («Вселенная»). под предводительством компании работают тематические парки в Голливуде, Орландо, Сингапуре и Осаке.",https://ru.wikipedia.org/wiki/Universal_Pictures
30,Wayback Machine,"Wayback Machine (с англ. — «Машина времени») — бесплатный онлайн-архив некоммерческой библиотеки «Архив Интернета». С помощью поисковых роботов Wayback Machine архивирует и делает общедоступной бо́льшую часть «открытого» интернета. Сервис был запущен в 1996 году, однако стал доступен для общественности только в 2001-м. За первые 20 лет существования Wayback Machine каталогизировал и сохранил коллекцию из более чем 286 млрд веб-страниц. Архивные снимки отображаются в формате HTML, JavaScript и CSS. Благодаря сохранённым в Wayback Machine документам пользователи могут отслеживать происходящие на сайтах изменения и сравнивать разные версии правок. По состоянию на январь 2023 года Wayback Machine предоставляет доступ к более чем 767 миллиардам сохранённых веб-страниц.",https://ru.wikipedia.org/wiki/Wayback_Machine
31,Английский язык,"Англи́йский язык (самоназвание — English, the English language) — язык англо-фризской подгруппы западной группы германской ветви индоевропейской языковой семьи. Английский язык — важнейший международный язык, что является следствием колониальной политики Британской империи в XIX и первой половине XX века, а также мирового влияния Соединённых Штатов Америки в XX—XXI веках. Является одним из наиболее распространённых языков в мире. Существует значительное разнообразие диалектов и говоров английского языка.
Английский язык возник в раннем Средневековье как потомок англосаксонского языка, на котором говорили англосаксы. Он стал родным для большинства населения Великобритании, а с территориальным ростом Британской империи распространился в Азию, Африку, Северную Америку и Австралию. После обретения независимости британскими колониями английский язык остался либо родным языком большей части населения (США, Канада, Австралия, Новая Зеландия), либо одним из официальных языков (Индия, Нигерия). Английский язык изучают в образовательных учреждениях многих стран как иностранный.
В СССР английский язык был введён в школьную программу в 1961—1962 учебном году как один из основных языков по постановлению Совета министров СССР от 27 мая 1961 г. № 468 «Об улучшении изучения иностранных языков».",https://ru.wikipedia.org/wiki/%D0%90%D0%BD%D0%B3%D0%BB%D0%B8%D0%B9%D1%81%D0%BA%D0%B8%D0%B9_%D1%8F%D0%B7%D1%8B%D0%BA
32,Бионикл: Легенда возрождается,"«Бионикл: Легенда возрождается» (англ. Bionicle: The Legend Reborn) — научно-фэнтезийный полнометражный мультфильм 2009 года, вышедший сразу на цифровых носителях, основанный на одноимённой серии экшен-фигурок от «Lego». В отличие от трилогии Miramax Films, дьстрибьюцией четвёртой части занималась Universal Pictures Home Entertainment. В центре сюжета фигурирует персонажи линейки 2009 года. «Легенда возрождается» была выпущена 15 сентября 2009 года в США и Канаде, 5 октября 2009 года в Великобритании и 2 сентября 2009 года в Австралии.",https://ru.wikipedia.org/wiki/%D0%91%D0%B8%D0%BE%D0%BD%D0%B8%D0%BA%D0%BB:_%D0%9B%D0%B5%D0%B3%D0%B5%D0%BD%D0%B4%D0%B0_%D0%B2%D0%BE%D0%B7%D1%80%D0%BE%D0%B6%D0%B4%D0%B0%D0%B5%D1%82%D1%81%D1%8F
33,Бионикл: Маска света,"«Бионикл: Маска света» (англ. Bionicle: Mask of Light) — полнометражный анимационный фильм, основанный на вселенной коллекционных экшен-фигурок Bionicle, выпускаемых компанией Lego. Фильм был создан в сотрудничестве с компанией Miramax и выпущен 16 сентября 2003 года сразу на видео.
Действие фильма разворачивается в мире Биониклов — биомеханических созданий, разбитых на племена по классическим элементам стихий — и повествует о приключениях двух друзей, которые пускаются на поиски владельца Маски света, таинственного артефакта, который поможет им победить Макуту — зловещее существо, терроризирующее деревню героев. Сюжет основан на официальной предыстории линейки игрушек 2002—2003 гг.
После выхода фильм некоторое время занимал верхние позиции в чартах домашнего VHS и DVD-кино и получил довольно высокие оценки от критиков. На волне успеха продюсерами впоследствии было выпущено ещё несколько продолжений.",https://ru.wikipedia.org/wiki/%D0%91%D0%B8%D0%BE%D0%BD%D0%B8%D0%BA%D0%BB:_%D0%9C%D0%B0%D1%81%D0%BA%D0%B0_%D1%81%D0%B2%D0%B5%D1%82%D0%B0
34,Бионикл 2: Легенды Метру Нуи,"«Бионикл 2: Легенды Метру Нуи» (англ. Bionicle 2: Legends of Metru Nui) — научно-фэнтезийный полнометражный мультфильм 2004 года, вышедший сразу на цифровых носителях. Второй анимационный фильм в серии Bionicle и приквел «Бионикл: Маски света». Сюжет мультфильма охватывает сюжетную линию вселенной Bionicle 2004 года. Также является вторым фильмом франшизы, получивший рейтинг MPAA. Выпуск «Бионикл 2: Легенды Метру Нуи» состоялся 19 октября 2004 года на DVD и VHS.
В этом фильме Вакама рассказывает о событиях, произошедших задолго до жизни биониклов в Мата Нуи, во время которых он вместе со своими друзьями Ную, Матау, Оневой, Венуа и Нокамой были избраны новыми Тоа на острове Метру Нуи. Чтобы спасти город, они должны доказать, что являются достойными носить имя Тоа, обрести силы своих масок и защитить «сердце Метру Нуи». Тем не менее, они оказываются вовлечены в планы злого Макуты.
Фильм получил смешанные отзывы, при этом было отмечено заполнение сюжетных дыр из прошлой картины. В 2005 году было выпущено продолжение — «Бионикл 3: В паутине теней».",https://ru.wikipedia.org/wiki/%D0%91%D0%B8%D0%BE%D0%BD%D0%B8%D0%BA%D0%BB_2:_%D0%9B%D0%B5%D0%B3%D0%B5%D0%BD%D0%B4%D1%8B_%D0%9C%D0%B5%D1%82%D1%80%D1%83_%D0%9D%D1%83%D0%B8
35,Бионикл 3: В паутине теней,"«Бионикл 3: В паутине теней» (англ. Bionicle 3: Web of Shadows) — научно-фэнтезийный полнометражный мультфильм 2004 года, вышедший сразу на цифровых носителях. Третий анимационный фильм в серии Bionicle и приквел «Бионикл: Маски света», а также мидквел «Бионикл 2: Легенд Метру Нуи». Это первый фильм франшизы, которому не был присвоен рейтинг MPAA. Выпуск «Бионикл 3: В паутине теней» состоялся 19 октября 2004 года на DVD и VHS.
По сюжету, Тоа Метру возвращаются в свой родной город, Метру Нуи, чтобы спасти население Маторанов, которых они поклялись защищать. Все Матораны остаются в глубокой коме после событий предыдущего фильма. По прибытии, Тоа обнаруживают, что город наполнен паукообразными существами, известными как Висораки, которые захватывают Тоа и подвергают их мутации, в результате чего те превращаются в звероподобных существ, известных как Хордика. Тоа Хордика объединяются с Рахага, чтобы найти способ вернуться к своим первоначальным формам, при этом руководствуясь своей первостепенной целью — спасти маторанов.",https://ru.wikipedia.org/wiki/%D0%91%D0%B8%D0%BE%D0%BD%D0%B8%D0%BA%D0%BB_3:_%D0%92_%D0%BF%D0%B0%D1%83%D1%82%D0%B8%D0%BD%D0%B5_%D1%82%D0%B5%D0%BD%D0%B5%D0%B9
36,Легенды Чимы,"Легенды Чимы (англ. Legends of Chima) — датско-индийско-таиландский анимационный телевизионный сериал на основе серии игрушек LEGO Legends of Chima, транслировавшийся на канале Cartoon Network. Мультсериал повествует о борьбе кланов зверей-воинов в волшебном мире Чима.
Премьера состоялась 16 января 2013 года на канале Cartoon Network. Финальные серии вышли 22 ноября 2014 года. Всего вышла 41 серия, разделённые на 3 сезона. Премьера в России состоялась 22 октября 2013 года на канале Nickelodeon.",https://ru.wikipedia.org/wiki/%D0%9B%D0%B5%D0%B3%D0%B5%D0%BD%D0%B4%D1%8B_%D0%A7%D0%B8%D0%BC%D1%8B
37,Лего,"Lego (ле́го, от дат. Leg-godt — «играй хорошо») — серии конструктора, представляющие собой наборы деталей для сборки и моделирования разнообразных предметов. Наборы Lego выпускает группа корпораций Lego Group, главный офис которой находится в Дании. Компания была основана в 1932 году; её название выглядит и звучит как лат. и итал. lego — «собираю», хотя первоначально она выпускала не конструкторы, а обычные деревянные игрушки.
Основным продуктом корпорации Lego являются разноцветные пластмассовые кирпичики, маленькие фигурки и тому подобное. Из Lego можно собрать такие объекты, как транспортные средства, здания, а также движущихся роботов. Всё, что построено, затем можно разобрать, а детали использовать для создания других объектов.Корпорация Lego начала производство пластмассовых кирпичиков в 1949 году. С тех пор Lego расширила сферу своей деятельности, создавая фильмы, игры, конкурсы, а также семь тематических парков развлечений, первым и самым большим из которых является Legoland на полуострове Ютландия, в небольшом городке Биллунд (Дания) — город, полностью построенный из конструктора Lego.
По состоянию на 2021 год, Lego была крупнейшей компанией по производству игрушек в мире. В мире достаточно обычны выставки различных композиций из наборов LEGO: в Германии (Целле, Гамбург), Голландии (Амстердам), Великобритании (Лондон), Японии (Токио), Сингапуре. Компания переходит на экологичное производство. Конструктор будет производиться из пластиковых бутылок и стаканчиков из-под кофе.
В декабре 2013 года было завершено строительство и произведён запуск полноразмерного автомобиля из деталей Lego, работающего на поршнях, приводимых в движение сжатым воздухом. Разработчики утверждают, что на сооружение подобного чуда техники ушло около 500 тысяч деталей. Автомобиль развивает скорость до 30 км/ч.
3 марта 2022 года Lego Group и Ole Kirk’s Fond сделали пожертвование в размере 110 млн датских крон для поддержки семей и детей на Украине из-за вторжении России на Украину. «Мы поддерживаем украинский народ и всех, кто пострадал от разрушительного вторжения на Украину, и призываем к скорейшему и мирному прекращению конфликта», — говорится в сообщении.",https://ru.wikipedia.org/wiki/Lego
38,Лего. Фильм,"«Лего. Фильм» (англ. The LEGO Movie) — американо-австралийский полнометражный компьютерный анимационный фильм, снятый режиссёрами Филом Лордом и Кристофером Миллером по их собственному сценарию и сюжету с Дэном и Кевином Хейгменами. Действие мультфильма разворачивается в мире LEGO. По сюжету, обычный строитель Эммет Блоковски, которого по ошибке принимают за Избранного, должен спасти вселенную Лего от злого Лорда Бизнеса. Главных героев озвучили Крис Прэтт, Уилл Феррелл, Элизабет Бэнкс, Уилл Арнетт, Ник Офферман, Чарли Дэй, Лиам Нисон и Морган Фримен.
Мировая премьера состоялась 7 февраля 2014 года, в России — 27 февраля 2014 года. Фильм получил высокую оценку критиков и показал хороший результат в мировом прокате — более 468 млн долларов при бюджете в 60 млн. Фильм был удостоен премии BAFTA в номинации лучший анимационный полнометражный фильм.",https://ru.wikipedia.org/wiki/%D0%9B%D0%B5%D0%B3%D0%BE._%D0%A4%D0%B8%D0%BB%D1%8C%D0%BC
39,Лего. Фильм 2,"«Лего. Фильм 2» (англ. The Lego Movie 2: The Second Part) — американо-австралийский полнометражный компьютерный анимационный фильм 2019 года с элементами мюзикла, продолжение «Лего. Фильма». Действие происходит спустя 5 лет после первого фильма. Сценаристы Фил Лорд и Кристофер Миллер вернулись к написанию сценария. Дата выхода в России — 7 февраля 2019 года.",https://ru.wikipedia.org/wiki/%D0%9B%D0%B5%D0%B3%D0%BE._%D0%A4%D0%B8%D0%BB%D1%8C%D0%BC_2
40,Лего Фильм: Бэтмен,"«Лего Фильм: Бэтмен» (англ. The LEGO Batman Movie) — комедийный мультфильм об известном герое комиксов и фильмов DC Бэтмене и спин-офф мультфильма 2014 года «Лего Фильм». Премьера в США — 10 февраля 2017 года, в России — 9 февраля 2017 года.
Первый трейлер вышел 24 марта 2016 года в день выхода фильма «Бэтмен против Супермена: На заре справедливости». Второй трейлер вышел 28 марта 2016 года. Третий трейлер вышел 23 июля 2016 года.",https://ru.wikipedia.org/wiki/%D0%9B%D0%B5%D0%B3%D0%BE_%D0%A4%D0%B8%D0%BB%D1%8C%D0%BC:_%D0%91%D1%8D%D1%82%D0%BC%D0%B5%D0%BD
41,Лего Фильм: Ниндзяго,"«Лего Фильм: Ниндзяго» (англ. The Lego Ninjago Movie) — американо-датский полнометражный компьютерный анимационный фильм, снятый режиссёрами Чарли Бином, Полом Фишером и Бобом Логаном по сценарию Логана Фишера, Уильяма и Тома Уилеров, Джареда Стерна и Джона Уиттингтона. Третий по счёту фильм в Кинематографической вселенной LEGO, второй спин-офф в серии и первый, основанный на оригинальной линейке LEGO. Главных персонажей озвучили Дэйв Франко, Джастин Теру, Майкл Пенья, Кумэйл Нанджиани, Эбби Джейкобсон, Зак Вудс, Фред Армисен, Оливия Манн и Джеки Чан. 
В России фильм вышел в прокат 21 сентября 2017 года. В отличие от предыдущих двух фильмов Лего. Фильм и Лего Фильм: Бэтмен, «Лего Фильм: Ниндзяго» получил смешанные отзывы от критиков и стал первым кассовым провалом для франшизы, собрав $123,1 млн в мировом прокате при бюджете в $70 млн.",https://ru.wikipedia.org/wiki/%D0%9B%D0%B5%D0%B3%D0%BE_%D0%A4%D0%B8%D0%BB%D1%8C%D0%BC:_%D0%9D%D0%B8%D0%BD%D0%B4%D0%B7%D1%8F%D0%B3%D0%BE
42,Минифигурка лего,"Ле́го минифигу́рка или ле́го челове́чек (англ. Lego minifigure, Lego toy man) — миниатюрная экшен-фигурка; классический элемент (с 1978 года) конструкторов фирмы «LEGO».

Аналогичные фигурки есть у других производителей конструкторов, например, креоны (англ. kreon) в конструкторах Kre-O корейской фирмы Oxford (подразделение компании Hasbro).",https://ru.wikipedia.org/wiki/%D0%9C%D0%B8%D0%BD%D0%B8%D1%84%D0%B8%D0%B3%D1%83%D1%80%D0%BA%D0%B0_%D0%BB%D0%B5%D0%B3%D0%BE
43,Нексо Найтс,"Нексо Найтс (англ. Nexo Knights) — датский анимационный телевизионный сериал на основе серии игрушек LEGO Nexo Knights, транслируемый на канале Cartoon Network. Мультсериал повествует о пятёрке рыцарей, защищающих королевство Найтония от врагов.
Премьера состоялась 13 декабря 2015 года на канале Cartoon Network. На данный момент вышло 4 сезона, по 10 серий в каждом. Премьера в России состоялась 26 декабря 2015 года на канале Cartoon Network.",https://ru.wikipedia.org/wiki/%D0%9D%D0%B5%D0%BA%D1%81%D0%BE_%D0%9D%D0%B0%D0%B9%D1%82%D1%81
44,Ниндзяго. Мастера Кружитцу,"«Ниндзяго. Мастера Кружитцу» (англ. LEGO Ninjago. Masters of Spinjitzu) — американо-датский мультсериал, премьера которого состоялась на канале Cartoon Network 14 января 2011 года (но задумка появилась ещё в 2009), основанный на серии игрушек LEGO. Первые четыре эпизода — «Путь Ниндзя», «Золотое оружие», «Король теней» и «Орудия судьбы» впоследствии стали одним пилотным сезоном. В мультсериале содержится 15 номерных сезонов, пилотный, спецвыпуски «День ушедших» и «Остров», а также мини-эпизоды.
В 2015 году вышел каноничный спектакль «Царство теней», происходивший после 5 сезона.
19 июля 2016 года по мультсериалу выходила каноничная трилогия книг «Тёмный остров», события которой происходят между шестым и седьмым сезонами мультсериала.
21 сентября 2017 года в широком прокате стартовал «Лего Фильм: Ниндзяго», который не является частью вселенной мультсериала, а частью кино-вселенной (в неё входит еще три фильма — «Лего. Фильм», «Лего Фильм: Бэтмен» и «Лего. Фильм 2»); после Ниндзяго фильма в мультсериал внесли редизайн и персонажи стали выглядеть как в Ниндзяго фильме LEGO.
Сериал находился в непрерывном производстве более десяти лет, прежде чем закончился 1 октября 2022 года, а 14 января 2021 года отметил свое десятилетие. Он начался с двух пилотных серий в январе 2011 года, за которыми последовали два 13-серийных сезона, которые транслировались. с декабря 2011 года по ноябрь 2012 года. И тема Lego, и сериал имели предполагаемый срок годности три года, при этом второй сезон планировался как исходный финал. Тем не менее, успех сериала и линейки его продуктов привел к тому, что шоу продолжилось, и были выпущены еще тринадцать сезонов, специальный выпуск, адаптация художественного фильма и четырехсерийный мини-сериал. Ниндзяго: Мастера Кружитцу производился в Копенгагене, Дания, компанией Wil Film ApS в течение первых десяти сезонов. Производство было перенесено в WildBrain Studios в Канаде на одиннадцатый сезон, и серия была переименована в Ninjago. 1 октября 2022 года последний эпизод был выпущен на Netflix в Австралии и Новой Зеландии.🇳🇿",https://ru.wikipedia.org/wiki/%D0%9D%D0%B8%D0%BD%D0%B4%D0%B7%D1%8F%D0%B3%D0%BE._%D0%9C%D0%B0%D1%81%D1%82%D0%B5%D1%80%D0%B0_%D0%9A%D1%80%D1%83%D0%B6%D0%B8%D1%82%D1%86%D1%83
45,Скуби-Ду,"«Скуби-Ду» (англ. Scooby-Doo) — серия мультипликационных сериалов и полнометражных мультфильмов, созданная компанией Hanna-Barbera в 1969 году. Мультфильмы и мультсериалы этой франшизы выходят и по сей день. Оригинальный мультсериал «Скуби-Ду, где ты!» был создан двумя писателями — Джо Руби и Кеном Спирсом. В мультсериале рассказывается о четырёх подростках — Фреде Джонсе, Дафне Блейк, Велме Динкли, Норвилле «Шэгги» Роджерсе и говорящем Немецком доге по имени Скуби, которые решают загадки с участием якобы сверхъестественных существ.
После успеха оригинального мультсериала Hanna-Barbera, а позже и Warner Bros. Animation создали многочисленные продолжения и спин-оффы, в том числе специальные телевизионные мультфильмы и телефильмы, полнометражные фильмы и три театральные постановки. Некоторые версии Скуби-Ду представляют различные вариации на тему сверхъестественного шоу и включают в себя новых персонажей, дополняя или заменяя их на небольшое время: кузена Скуби Скуби-Дам и его племянника Скрэппи-Ду.
«Скуби-Ду» первоначально транслировался по CBS с 1969 по 1976 год; позже мультфильм показывался на канале ABC до 1986 года. После прекращения основного сериала в 1988 году был представлен мультфильм «Щенок по кличке Скуби-Ду». Канал The WB Television Network смогли показать новый сериал-перезапуск «Что новенького, Скуби-Ду?», транслировавшийся с 2002 по 2005 год. Другой новый мультсериал о Скуби-Ду, «Шэгги и Скуби-Ду ключ найдут!», выходил в эфир в The CW с 2006 до 2008 год. Последним транслировался мультсериал «Скуби-Ду: Мистическая корпорация», премьера которого состоялась на Cartoon Network в апреле 2010 года. Повторы из разных серий мультсериалов часто транслируются по всему миру на Cartoon Network и Boomerang.",https://ru.wikipedia.org/wiki/%D0%A1%D0%BA%D1%83%D0%B1%D0%B8-%D0%94%D1%83
46,Экшен-фигурка,"Экшн-фигурка (англ. Action figure) — коллекционная фигурка, обычно изготовленная из пластмассы. Зачастую представляет собой персонаж фильма, комикса, компьютерной игры и т. п. Многие экшн-фигурки выпускаются сериями и являются предметом коллекционирования. Такие фигурки изначально предназначались для детей, но со временем рынок переориентировался на взрослых коллекционеров.
Своему названию (от англ. action — действие) игрушка обязана системе шарниров (аналогичной анатомическим суставам), которые по сравнению со статическими игрушками позволяют экшн-фигурке принимать различные позы. Кроме того игрушка обычно позволяет сменить предмет (например, оружие) в руках фигурки, а в некоторых моделях одежду или даже части тела. Отдельные модели могут представлять сборные конструкторы.
Существуют также неокрашенные (для самостоятельной покраски) и/или «голые» (только тело) модели.",https://ru.wikipedia.org/wiki/%D0%AD%D0%BA%D1%88%D0%B5%D0%BD-%D1%84%D0%B8%D0%B3%D1%83%D1%80%D0%BA%D0%B0
47,Шаблон:Lego Ninjago,"== Как задать начальное состояние видимости этого шаблона ==

Для управления состоянием видимости, в котором шаблон будет находиться сразу после открытия статьи, добавьте параметр:

|state=collapsed: свёрнуто, то есть скрыто всё, кроме строки заголовка. Пример: {{Lego Ninjago|state=collapsed}}.
|state=expanded: развёрнуто, то есть шаблон виден полностью. Пример: {{Lego Ninjago|state=expanded}}.
|state=autocollapse: развёрнуто, но только если на той же странице нет других шаблонов такого же типа. Пример: {{Lego Ninjago|state=autocollapse}}.Если параметр не задан (см. параметр |state= в коде шаблона), состояние шаблона по умолчанию autocollapse.",https://ru.wikipedia.org/wiki/%D0%A8%D0%B0%D0%B1%D0%BB%D0%BE%D0%BD:Lego_Ninjago
48,Шаблон:Фильмы Lego,,https://ru.wikipedia.org/wiki/%D0%A8%D0%B0%D0%B1%D0%BB%D0%BE%D0%BD:%D0%A4%D0%B8%D0%BB%D1%8C%D0%BC%D1%8B_Lego
